State,LGA,Ward,PU-Code,PU-Name,Address,Accredited_Voters,Registered_Voters,Results_Found,Transcription_Count,Result_Sheet_Stamped,Result_Sheet_Corrected,Result_Sheet_Invalid,Result_Sheet_Unclear,Result_Sheet_Unsigned,APC,LP,PDP,NNPP,Results_File,latitude,longitude
LAGOS,AJEROMI/IFELODUN,AWODI-ORA,24-02-02-013,UZOR STR./JOHN CLOSE,"UZOR STR./JOHN CLOSE, AJEROMI/IFELODUN, LAGOS",151,589,True,-1,False,True,False,False,UNKNOWN,11,121,8,0,https://inec-cvr-cache.s3.eu-west-1.amazonaws.com/cached/results/77170/result_22233_1677594299_thumb.jpg,6.453449,3.337107
LAGOS,AJEROMI/IFELODUN,AWODI-ORA,24-02-02-014,UZOR STR./FREEDOM JUNCTION,"UZOR STR./FREEDOM JUNCTION, AJEROMI/IFELODUN, LAGOS",184,697,True,-1,False,False,False,False,UNKNOWN,18,131,8,0,https://inec-cvr-cache.s3.eu-west-1.amazonaws.com/cached/results/77171/result_22234_1677594602_thumb.jpg,6.453449,3.337107
LAGOS,AJEROMI/IFELODUN,AWODI-ORA,24-02-02-015,"181, UZOR STR. AJEGUNLE I","181, UZOR STR. AJEGUNLE I, AJEROMI/IFELODUN, LAGOS",151,575,True,-1,False,False,False,False,UNKNOWN,21,102,5,0,https://inec-cvr-cache.s3.eu-west-1.amazonaws.com/cached/results/77172/result_22235_1677594776_thumb.jpg,6.45197,3.33115
LAGOS,AJEROMI/IFELODUN,AWODI-ORA,24-02-02-017,B/W 151/153 ORODU STREET,"B/W 151/153 ORODU STREET, AJEROMI/IFELODUN, LAGOS",153,738,True,-1,False,False,False,False,UNKNOWN,21,112,10,2,https://inec-cvr-cache.s3.eu-west-1.amazonaws.com/cached/results/77174/result_22237_1677595485_thumb.jpg,26.628964,-81.970867
LAGOS,AJEROMI/IFELODUN,AWODI-ORA,24-02-02-018,"162, ORODU STREET","162, ORODU STREET, AJEROMI/IFELODUN, LAGOS",114,606,True,-1,False,False,False,False,UNKNOWN,25,67,6,1,https://inec-cvr-cache.s3.eu-west-1.amazonaws.com/cached/results/77175/result_22238_1677597333_thumb.jpg,6.453449,3.337107
LAGOS,AJEROMI/IFELODUN,AWODI-ORA,24-02-02-019,ZUMRATUL ISLAMIYA PRIMARY SCHOOL,"ZUMRATUL ISLAMIYA PRIMARY SCHOOL, AJEROMI/IFELODUN, LAGOS",103,798,True,-1,False,False,False,False,UNKNOWN,25,62,14,0,https://inec-cvr-cache.s3.eu-west-1.amazonaws.com/cached/results/77176/result_22239_1677597587_thumb.jpg,,
LAGOS,AJEROMI/IFELODUN,AWODI-ORA,24-02-02-020,MBA STREET/ZACHEAUS JUNCTION,"MBA STREET/ZACHEAUS JUNCTION, AJEROMI/IFELODUN, LAGOS",104,594,True,-1,False,True,False,False,UNKNOWN,12,85,4,0,https://inec-cvr-cache.s3.eu-west-1.amazonaws.com/cached/results/77177/result_22240_1677597850_thumb.jpg,6.453449,3.337107
LAGOS,AJEROMI/IFELODUN,AWODI-ORA,24-02-02-021,MBA STREET/SHOLADE STREET JUNCTION,"MBA STREET/SHOLADE STREET JUNCTION, AJEROMI/IFELODUN, LAGOS",111,493,True,-1,False,False,False,False,UNKNOWN,14,86,7,1,https://inec-cvr-cache.s3.eu-west-1.amazonaws.com/cached/results/77178/result_22241_1677598197.jpg,6.453449,3.337107
LAGOS,AJEROMI/IFELODUN,AWODI-ORA,24-02-02-022,MUSLIM PRIMARY SCHOOL,"MUSLIM PRIMARY SCHOOL, AJEROMI/IFELODUN, LAGOS",68,499,True,-1,False,False,False,False,UNKNOWN,17,42,4,0,https://inec-cvr-cache.s3.eu-west-1.amazonaws.com/cached/results/77179/result_22242_1677595825_thumb.jpg,,
LAGOS,AJEROMI/IFELODUN,AWODI-ORA,24-02-02-023,"15, MATTEW DANIEL STREET OFF CARDOSO","15, MATTEW DANIEL STREET OFF CARDOSO, AJEROMI/IFELODUN, LAGOS",90,516,True,-1,False,False,False,False,UNKNOWN,32,35,4,0,https://inec-cvr-cache.s3.eu-west-1.amazonaws.com/cached/results/77180/result_22243_1677596338_thumb.jpg,6.58115,3.26811
LAGOS,AJEROMI/IFELODUN,AWODI-ORA,24-02-02-024,NO. 25 CARDOSO STREET,"NO. 25 CARDOSO STREET, AJEROMI/IFELODUN, LAGOS",138,750,True,-1,False,False,False,False,UNKNOWN,36,75,13,1,https://inec-cvr-cache.s3.eu-west-1.amazonaws.com/cached/results/77181/result_22244_1677596578_thumb.jpg,6.453449,3.337107
LAGOS,AJEROMI/IFELODUN,AWODI-ORA,24-02-02-025,NO. 34/36 CARDOSO STREET,"NO. 34/36 CARDOSO STREET, AJEROMI/IFELODUN, LAGOS",154,805,True,-1,False,True,False,False,UNKNOWN,22,113,6,1,https://inec-cvr-cache.s3.eu-west-1.amazonaws.com/cached/results/77182/result_22245_1677596830_thumb.jpg,6.453449,3.337107
LAGOS,AJEROMI/IFELODUN,AWODI-ORA,24-02-02-026,17/19 DUROJAIYE STREET AJEGUNLE,"17/19 DUROJAIYE STREET AJEGUNLE, AJEROMI/IFELODUN, LAGOS",144,561,True,-1,False,False,False,False,UNKNOWN,21,94,6,0,https://inec-cvr-cache.s3.eu-west-1.amazonaws.com/cached/results/77183/result_22246_1677577340_thumb.jpg,6.45197,3.33115
LAGOS,AJEROMI/IFELODUN,AWODI-ORA,24-02-02-027,"7, BOYEJO STREET","7, BOYEJO STREET, AJEROMI/IFELODUN, LAGOS",98,411,True,-1,False,True,False,False,UNKNOWN,24,49,10,0,https://inec-cvr-cache.s3.eu-west-1.amazonaws.com/cached/results/77184/result_22247_1677577530_thumb.jpg,6.453449,3.337107
LAGOS,AJEROMI/IFELODUN,AWODI-ORA,24-02-02-028,"AYODELE PRIMARY SCHOOL, AYODELE STREET","AYODELE PRIMARY SCHOOL, AYODELE STREET, AJEROMI/IFELODUN, LAGOS",123,567,True,-1,False,False,False,False,UNKNOWN,27,76,10,3,https://inec-cvr-cache.s3.eu-west-1.amazonaws.com/cached/results/77185/result_22248_1677577878_thumb.jpg,6.505225,3.342305
LAGOS,AJEROMI/IFELODUN,AWODI-ORA,24-02-02-029,"12/14, GODO LANE","12/14, GODO LANE, AJEROMI/IFELODUN, LAGOS",90,415,True,-1,False,False,False,False,UNKNOWN,12,64,3,0,https://inec-cvr-cache.s3.eu-west-1.amazonaws.com/cached/results/77186/result_22249_1677578116_thumb.jpg,6.453449,3.337107
LAGOS,AJEROMI/IFELODUN,AWODI-ORA,24-02-02-030,OPEN-SPACE AT ANOSIKE STREET,"OPEN-SPACE AT ANOSIKE STREET, AJEROMI/IFELODUN, LAGOS",107,622,True,-1,False,True,False,False,UNKNOWN,19,59,14,0,https://inec-cvr-cache.s3.eu-west-1.amazonaws.com/cached/results/77187/result_22250_1677578253_thumb.jpg,35.795802,-78.668444
LAGOS,AJEROMI/IFELODUN,AWODI-ORA,24-02-02-031,OPP. ST. MARY'S CATHOLIC CHURCH (KOJONWO STR.),"OPP. ST. MARY'S CATHOLIC CHURCH (KOJONWO STR.), AJEROMI/IFELODUN, LAGOS",159,723,True,-1,True,False,False,False,UNKNOWN,10,131,6,1,https://inec-cvr-cache.s3.eu-west-1.amazonaws.com/cached/results/77188/result_22251_1677578345_thumb.jpg,6.453449,3.337107
LAGOS,AJEROMI/IFELODUN,AWODI-ORA,24-02-02-032,"3, OKULAJA STREET","3, OKULAJA STREET, AJEROMI/IFELODUN, LAGOS",135,651,True,-1,False,False,False,False,UNKNOWN,19,92,12,2,https://inec-cvr-cache.s3.eu-west-1.amazonaws.com/cached/results/77189/result_22252_1677578451_thumb.jpg,6.453114,3.333579
LAGOS,AJEROMI/IFELODUN,AWODI-ORA,24-02-02-033,"27, OKULAJA STREET","27, OKULAJA STREET, AJEROMI/IFELODUN, LAGOS",133,557,True,-1,False,False,False,False,UNKNOWN,24,92,6,0,https://inec-cvr-cache.s3.eu-west-1.amazonaws.com/cached/results/77190/result_22253_1677578584_thumb.jpg,6.453114,3.333579
LAGOS,AJEROMI/IFELODUN,AWODI-ORA,24-02-02-035,"54/64, OKITO STREET","54/64, OKITO STREET, AJEROMI/IFELODUN, LAGOS",182,659,True,-1,False,False,False,False,UNKNOWN,19,148,8,0,https://inec-cvr-cache.s3.eu-west-1.amazonaws.com/cached/results/77192/result_22255_1677578825_thumb.jpg,6.453449,3.337107
LAGOS,AJEROMI/IFELODUN,AWODI-ORA,24-02-02-036,"55/95,, OKITO STREET","55/95,, OKITO STREET, AJEROMI/IFELODUN, LAGOS",171,895,True,-1,False,False,False,False,UNKNOWN,11,150,3,1,https://inec-cvr-cache.s3.eu-west-1.amazonaws.com/cached/results/77193/result_22256_1677579327_thumb.jpg,6.453449,3.337107
LAGOS,AJEROMI/IFELODUN,AWODI-ORA,24-02-02-037,UNITED PRIMARY SCHOOL,"UNITED PRIMARY SCHOOL, AJEROMI/IFELODUN, LAGOS",119,672,True,-1,False,False,False,False,UNKNOWN,30,65,10,1,https://inec-cvr-cache.s3.eu-west-1.amazonaws.com/cached/results/77194/result_22257_1677579445_thumb.jpg,6.43299,3.427654
LAGOS,AJEROMI/IFELODUN,AWODI-ORA,24-02-02-038,"4, ABIODUN STREET","4, ABIODUN STREET, AJEROMI/IFELODUN, LAGOS",67,463,True,-1,False,False,False,False,UNKNOWN,8,50,5,1,https://inec-cvr-cache.s3.eu-west-1.amazonaws.com/cached/results/77195/result_22258_1677579736_thumb.jpg,6.449605,3.472151
LAGOS,AJEROMI/IFELODUN,AWODI-ORA,24-02-02-039,AT END OF OMOWUNMI STREET,"AT END OF OMOWUNMI STREET, AJEROMI/IFELODUN, LAGOS",197,798,True,-1,False,False,False,False,UNKNOWN,24,150,14,1,https://inec-cvr-cache.s3.eu-west-1.amazonaws.com/cached/results/77196/result_22259_1677579893_thumb.jpg,6.453449,3.337107
LAGOS,AJEROMI/IFELODUN,AWODI-ORA,24-02-02-040,"15, OKO BABA SULE STREET","15, OKO BABA SULE STREET, AJEROMI/IFELODUN, LAGOS",128,598,True,-1,True,False,False,False,UNKNOWN,19,97,7,1,https://inec-cvr-cache.s3.eu-west-1.amazonaws.com/cached/results/77197/result_22260_1677580031_thumb.jpg,6.453449,3.337107
LAGOS,AJEROMI/IFELODUN,AWODI-ORA,24-02-02-041,"3, OTAKOYA STREET","3, OTAKOYA STREET, AJEROMI/IFELODUN, LAGOS",125,737,True,-1,False,False,False,False,UNKNOWN,11,85,8,0,https://inec-cvr-cache.s3.eu-west-1.amazonaws.com/cached/results/77198/result_22261_1677580334_thumb.jpg,6.453449,3.337107
LAGOS,AJEROMI/IFELODUN,AWODI-ORA,24-02-02-042,OTUONIYI/CARDOSO JUNCTION,"OTUONIYI/CARDOSO JUNCTION, AJEROMI/IFELODUN, LAGOS",88,529,True,-1,False,False,False,False,UNKNOWN,18,56,3,0,https://inec-cvr-cache.s3.eu-west-1.amazonaws.com/cached/results/77199/result_22262_1677580460_thumb.jpg,6.453449,3.337107
LAGOS,AJEROMI/IFELODUN,AWODI-ORA,24-02-02-043,"18, AKERELE STREET","18, AKERELE STREET, AJEROMI/IFELODUN, LAGOS",155,800,True,-1,False,False,False,False,UNKNOWN,12,74,7,0,https://inec-cvr-cache.s3.eu-west-1.amazonaws.com/cached/results/77200/result_22263_1677580956_thumb.jpg,6.453449,3.337107
LAGOS,AJEROMI/IFELODUN,AWODI-ORA,24-02-02-046,"17, CHIDI STREET","17, CHIDI STREET, AJEROMI/IFELODUN, LAGOS",228,882,True,-1,False,False,False,False,UNKNOWN,12,199,2,2,https://inec-cvr-cache.s3.eu-west-1.amazonaws.com/cached/results/77203/result_22266_1677581103_thumb.jpg,6.453449,3.337107
LAGOS,AJEROMI/IFELODUN,AWODI-ORA,24-02-02-047,"19, DADA ONIJAMA STREET","19, DADA ONIJAMA STREET, AJEROMI/IFELODUN, LAGOS",170,725,True,-1,False,False,False,False,UNKNOWN,5,126,8,0,https://inec-cvr-cache.s3.eu-west-1.amazonaws.com/cached/results/77204/result_22267_1677581276_thumb.jpg,6.453449,3.337107
LAGOS,AJEROMI/IFELODUN,AWODI-ORA,24-02-02-048,"91, DADA ONIJAMA STREET","91, DADA ONIJAMA STREET, AJEROMI/IFELODUN, LAGOS",102,506,True,-1,False,False,False,False,UNKNOWN,13,69,11,1,https://inec-cvr-cache.s3.eu-west-1.amazonaws.com/cached/results/77205/result_22268_1677581459_thumb.jpg,6.453449,3.337107
LAGOS,AJEROMI/IFELODUN,AWODI-ORA,24-02-02-049,AWODI ORA SECONDARY SCH. (KAKA LANE OLA OLU DRIVE),"AWODI ORA SECONDARY SCH. (KAKA LANE OLA OLU DRIVE), AJEROMI/IFELODUN, LAGOS",123,750,True,-1,False,True,False,False,UNKNOWN,21,80,5,1,https://inec-cvr-cache.s3.eu-west-1.amazonaws.com/cached/results/77206/result_22269_1677581586_thumb.jpg,6.453449,3.337107
LAGOS,AJEROMI/IFELODUN,AWODI-ORA,24-02-02-050,"3, CARDOSO STREET","3, CARDOSO STREET, AJEROMI/IFELODUN, LAGOS",109,700,True,-1,False,False,False,False,UNKNOWN,20,69,3,0,https://inec-cvr-cache.s3.eu-west-1.amazonaws.com/cached/results/77207/result_22270_1677581757_thumb.jpg,6.453449,3.337107
LAGOS,AJEROMI/IFELODUN,AWODI-ORA,24-02-02-051,"7, OKITO STREET","7, OKITO STREET, AJEROMI/IFELODUN, LAGOS",130,636,True,-1,False,True,False,False,UNKNOWN,13,90,5,0,https://inec-cvr-cache.s3.eu-west-1.amazonaws.com/cached/results/77208/result_22271_1677582410_thumb.jpg,6.453449,3.337107
LAGOS,AJEROMI/IFELODUN,AWODI-ORA,24-02-02-052,"3, OTUONIYO STREET","3, OTUONIYO STREET, AJEROMI/IFELODUN, LAGOS",119,565,True,-1,False,False,False,False,UNKNOWN,17,87,6,0,https://inec-cvr-cache.s3.eu-west-1.amazonaws.com/cached/results/77209/result_22272_1677584500_thumb.jpg,6.453449,3.337107
LAGOS,AJEROMI/IFELODUN,WILMER,24-02-03-001,"IN FRONT OF 12, IDEWU STREET","IN FRONT OF 12, IDEWU STREET, AJEROMI/IFELODUN, LAGOS",185,755,True,-1,False,True,False,False,UNKNOWN,50,104,8,0,https://docs.inecelectionresults.net/elections_prod/1292/state/1/lga/3609/ward/23297/pu/77913/77913-1677499436.pdf,6.446937,3.333461
LAGOS,AJEROMI/IFELODUN,WILMER,24-02-03-003,JUNCTION OF IDEWU/BRAIMOH STREET,"JUNCTION OF IDEWU/BRAIMOH STREET, AJEROMI/IFELODUN, LAGOS",174,717,True,-1,False,False,False,False,UNKNOWN,30,124,10,2,https://docs.inecelectionresults.net/elections_prod/1292/state/1/lga/3609/ward/23297/pu/77915/77915-1677499634.pdf,6.453449,3.337107
LAGOS,AJEROMI/IFELODUN,WILMER,24-02-03-004,IN FRONT OF NO.85 IDEWUSTREET,"IN FRONT OF NO.85 IDEWUSTREET, AJEROMI/IFELODUN, LAGOS",145,545,True,-1,False,True,False,False,UNKNOWN,35,79,1,0,https://docs.inecelectionresults.net/elections_prod/1292/state/1/lga/3609/ward/23297/pu/77916/77916-1677499895.pdf,6.453449,3.337107
LAGOS,AJEROMI/IFELODUN,WILMER,24-02-03-005,EMORDI/IDEWU JUNCTION,"EMORDI/IDEWU JUNCTION, AJEROMI/IFELODUN, LAGOS",176,777,True,-1,False,False,False,False,UNKNOWN,25,124,7,1,https://docs.inecelectionresults.net/elections_prod/1292/state/1/lga/3609/ward/23297/pu/77917/77917-1677500133.pdf,,
LAGOS,AJEROMI/IFELODUN,WILMER,24-02-03-006,B/W 151/154 IDEWU STREET,"B/W 151/154 IDEWU STREET, AJEROMI/IFELODUN, LAGOS",272,881,True,-1,False,False,False,False,UNKNOWN,23,228,5,0,https://docs.inecelectionresults.net/elections_prod/1292/state/1/lga/3609/ward/23297/pu/77918/77918-1677500358.pdf,25.916386,-80.202711
LAGOS,AJEROMI/IFELODUN,WILMER,24-02-03-007,"7, EMORDI STREET","7, EMORDI STREET, AJEROMI/IFELODUN, LAGOS",180,668,True,-1,False,False,False,False,UNKNOWN,29,118,5,2,https://docs.inecelectionresults.net/elections_prod/1292/state/1/lga/3609/ward/23297/pu/77919/77919-1677500481.pdf,6.444065,3.333705
LAGOS,AJEROMI/IFELODUN,WILMER,24-02-03-008,"21/23, EMORDI STREET","21/23, EMORDI STREET, AJEROMI/IFELODUN, LAGOS",172,580,True,-1,False,False,False,False,UNKNOWN,20,132,2,1,https://docs.inecelectionresults.net/elections_prod/1292/state/1/lga/3609/ward/23297/pu/77920/77920-1677500662.pdf,6.444065,3.333705
LAGOS,AJEROMI/IFELODUN,WILMER,24-02-03-009,"2, OTUNBA GBADAMOSI STREET","2, OTUNBA GBADAMOSI STREET, AJEROMI/IFELODUN, LAGOS",153,653,True,-1,False,False,False,False,UNKNOWN,36,91,11,4,https://docs.inecelectionresults.net/elections_prod/1292/state/1/lga/3609/ward/23297/pu/77921/77921-1677500792.pdf,6.444539,3.332197
LAGOS,AJEROMI/IFELODUN,WILMER,24-02-03-011,IBAFON PRY. SCH. SUFIANU STREET),"IBAFON PRY. SCH. SUFIANU STREET), AJEROMI/IFELODUN, LAGOS",260,1081,True,-1,False,False,False,False,UNKNOWN,24,213,3,3,https://docs.inecelectionresults.net/elections_prod/1292/state/1/lga/3609/ward/23297/pu/77923/77923-1677501031.pdf,6.453449,3.337107
LAGOS,AJEROMI/IFELODUN,WILMER,24-02-03-012,"10, MUYIBI STREET","10, MUYIBI STREET, AJEROMI/IFELODUN, LAGOS",116,345,True,-1,False,False,False,False,UNKNOWN,37,58,8,0,https://docs.inecelectionresults.net/elections_prod/1292/state/1/lga/3609/ward/23297/pu/77924/77924-1677501197.pdf,6.447279,3.326574
LAGOS,AJEROMI/IFELODUN,WILMER,24-02-03-013,"45, MUYIBI STREET","45, MUYIBI STREET, AJEROMI/IFELODUN, LAGOS",68,222,True,-1,False,False,False,False,UNKNOWN,16,47,4,0,https://docs.inecelectionresults.net/elections_prod/1292/state/1/lga/3609/ward/23297/pu/77925/77925-1677501397.pdf,6.447279,3.326574
LAGOS,AJEROMI/IFELODUN,WILMER,24-02-03-015,"81, MUYIBI STREET","81, MUYIBI STREET, AJEROMI/IFELODUN, LAGOS",143,649,True,-1,False,False,False,False,UNKNOWN,21,109,6,0,https://docs.inecelectionresults.net/elections_prod/1292/state/1/lga/3609/ward/23297/pu/77927/77927-1677501776.pdf,6.447279,3.326574
LAGOS,AJEROMI/IFELODUN,WILMER,24-02-03-016,"110, MUYIBI STREET","110, MUYIBI STREET, AJEROMI/IFELODUN, LAGOS",215,782,True,-1,False,False,False,False,UNKNOWN,23,172,13,1,https://docs.inecelectionresults.net/elections_prod/1292/state/1/lga/3609/ward/23297/pu/77928/77928-1677501883.pdf,6.447279,3.326574
LAGOS,AJEROMI/IFELODUN,WILMER,24-02-03-017,"158, MUYIBI STREET","158, MUYIBI STREET, AJEROMI/IFELODUN, LAGOS",110,511,True,-1,False,False,False,False,UNKNOWN,14,84,4,2,https://docs.inecelectionresults.net/elections_prod/1292/state/1/lga/3609/ward/23297/pu/77929/77929-1677502005.pdf,6.447279,3.326574
LAGOS,AJEROMI/IFELODUN,WILMER,24-02-03-019,"185, MUYIBI STREET","185, MUYIBI STREET, AJEROMI/IFELODUN, LAGOS",137,564,True,-1,False,False,False,False,UNKNOWN,21,97,9,1,https://docs.inecelectionresults.net/elections_prod/1292/state/1/lga/3609/ward/23297/pu/77931/77931-1677502372.pdf,6.447279,3.326574
LAGOS,AJEROMI/IFELODUN,WILMER,24-02-03-020,"25, ADEOLA STREET","25, ADEOLA STREET, AJEROMI/IFELODUN, LAGOS",68,368,True,-1,False,False,False,False,UNKNOWN,10,49,1,0,https://docs.inecelectionresults.net/elections_prod/1292/state/1/lga/3609/ward/23297/pu/77932/77932-1677502590.pdf,6.425125,3.52341
LAGOS,AJEROMI/IFELODUN,WILMER,24-02-03-021,"10, ODOFIN STREET","10, ODOFIN STREET, AJEROMI/IFELODUN, LAGOS",153,619,True,-1,False,False,False,False,UNKNOWN,17,124,5,0,https://docs.inecelectionresults.net/elections_prod/1292/state/1/lga/3609/ward/23297/pu/77933/77933-1677502724.pdf,6.46488,3.345773
LAGOS,AJEROMI/IFELODUN,WILMER,24-02-03-022,"9, ALH. ADEBOLA STREET","9, ALH. ADEBOLA STREET, AJEROMI/IFELODUN, LAGOS",141,534,True,-1,False,False,False,False,UNKNOWN,10,113,1,0,https://docs.inecelectionresults.net/elections_prod/1292/state/1/lga/3609/ward/23297/pu/77934/77934-1677502877.pdf,6.453449,3.337107
LAGOS,AJEROMI/IFELODUN,WILMER,24-02-03-023,"14, SALAWU STREET","14, SALAWU STREET, AJEROMI/IFELODUN, LAGOS",174,746,True,-1,False,False,False,False,UNKNOWN,19,138,6,2,https://docs.inecelectionresults.net/elections_prod/1292/state/1/lga/3609/ward/23297/pu/77935/77935-1677502989.pdf,6.44553,3.332573
LAGOS,AJEROMI/IFELODUN,WILMER,24-02-03-024,"18, SALAWU STREET","18, SALAWU STREET, AJEROMI/IFELODUN, LAGOS",135,564,True,-1,False,False,False,False,UNKNOWN,1,124,6,3,https://docs.inecelectionresults.net/elections_prod/1292/state/1/lga/3609/ward/23297/pu/77936/77936-1677503085.pdf,6.44553,3.332573
LAGOS,AJEROMI/IFELODUN,WILMER,24-02-03-025,"22, ODOFIN STREET","22, ODOFIN STREET, AJEROMI/IFELODUN, LAGOS",125,566,True,-1,False,False,False,False,UNKNOWN,18,88,7,2,https://docs.inecelectionresults.net/elections_prod/1292/state/1/lga/3609/ward/23297/pu/77937/77937-1677503352.pdf,6.46488,3.345773
LAGOS,AJEROMI/IFELODUN,WILMER,24-02-03-026,JUNCTION OF INDUSTRIAL RD.(AKOGUN/KAREEM STR.),"JUNCTION OF INDUSTRIAL RD.(AKOGUN/KAREEM STR.), AJEROMI/IFELODUN, LAGOS",176,634,True,-1,False,True,False,False,UNKNOWN,30,100,40,0,https://docs.inecelectionresults.net/elections_prod/1292/state/1/lga/3609/ward/23297/pu/77938/77938-1677503460.pdf,6.453449,3.337107
LAGOS,AJEROMI/IFELODUN,WILMER,24-02-03-027,"7, SALAWU LAWAL STREET","7, SALAWU LAWAL STREET, AJEROMI/IFELODUN, LAGOS",128,528,True,-1,False,False,False,False,UNKNOWN,10,102,3,2,https://docs.inecelectionresults.net/elections_prod/1292/state/1/lga/3609/ward/23297/pu/77939/77939-1677503633.pdf,6.453449,3.337107
LAGOS,AJEROMI/IFELODUN,WILMER,24-02-03-028,"15, JONES WARIBI STREET","15, JONES WARIBI STREET, AJEROMI/IFELODUN, LAGOS",126,628,True,-1,False,False,False,False,UNKNOWN,23,132,10,0,https://docs.inecelectionresults.net/elections_prod/1292/state/1/lga/3609/ward/23297/pu/77940/77940-1677503783.pdf,6.453449,3.337107
LAGOS,AJEROMI/IFELODUN,WILMER,24-02-03-029,"54, JONES WARIBI STREET","54, JONES WARIBI STREET, AJEROMI/IFELODUN, LAGOS",150,632,True,-1,False,False,False,False,UNKNOWN,22,115,4,2,https://docs.inecelectionresults.net/elections_prod/1292/state/1/lga/3609/ward/23297/pu/77941/77941-1677503970.pdf,6.453449,3.337107
LAGOS,AJEROMI/IFELODUN,WILMER,24-02-03-030,"16, BOLAJI OLORO STREET","16, BOLAJI OLORO STREET, AJEROMI/IFELODUN, LAGOS",160,634,True,-1,False,False,False,False,UNKNOWN,24,123,3,5,https://docs.inecelectionresults.net/elections_prod/1292/state/1/lga/3609/ward/23297/pu/77942/77942-1677504075.pdf,6.453449,3.337107
LAGOS,AJEROMI/IFELODUN,WILMER,24-02-03-031,"24, ADENIYI STREET","24, ADENIYI STREET, AJEROMI/IFELODUN, LAGOS",182,587,True,-1,False,False,False,False,UNKNOWN,17,145,3,0,https://docs.inecelectionresults.net/elections_prod/1292/state/1/lga/3609/ward/23297/pu/77943/77943-1677504275.pdf,6.513534,3.341226
LAGOS,AJEROMI/IFELODUN,WILMER,24-02-03-032,BTW. 23/25 PALACE ROAD,"BTW. 23/25 PALACE ROAD, AJEROMI/IFELODUN, LAGOS",209,841,True,-1,False,False,False,False,UNKNOWN,28,169,4,1,https://docs.inecelectionresults.net/elections_prod/1292/state/1/lga/3609/ward/23297/pu/77944/77944-1677504431.pdf,-33.75133,150.981487
LAGOS,AJEROMI/IFELODUN,WILMER,24-02-03-033,TRINITY SECONDARY SCH.(SADIKU STREET),"TRINITY SECONDARY SCH.(SADIKU STREET), AJEROMI/IFELODUN, LAGOS",161,643,True,-1,False,False,False,False,UNKNOWN,13,138,5,3,https://docs.inecelectionresults.net/elections_prod/1292/state/1/lga/3609/ward/23297/pu/77945/77945-1677504589.pdf,6.436658,3.500987
LAGOS,AJEROMI/IFELODUN,WILMER,24-02-03-034,IN FRONT OF METHODIST CHURCH AKOGUN STREET,"IN FRONT OF METHODIST CHURCH AKOGUN STREET, AJEROMI/IFELODUN, LAGOS",141,603,True,-1,False,True,False,False,UNKNOWN,19,108,7,0,https://docs.inecelectionresults.net/elections_prod/1292/state/1/lga/3609/ward/23297/pu/77946/77946-1677504711.pdf,6.444532,3.328035
LAGOS,AJEROMI/IFELODUN,WILMER,24-02-03-035,JUNCTION OF SALAWU LAWAL/AKOGUN,"JUNCTION OF SALAWU LAWAL/AKOGUN, AJEROMI/IFELODUN, LAGOS",130,593,True,-1,False,False,False,False,UNKNOWN,14,104,4,0,https://docs.inecelectionresults.net/elections_prod/1292/state/1/lga/3609/ward/23297/pu/77947/77947-1677504927.pdf,6.493326,3.348517
LAGOS,AJEROMI/IFELODUN,WILMER,24-02-03-036,CEMETARY/GEORGE STREET I,"CEMETARY/GEORGE STREET I, AJEROMI/IFELODUN, LAGOS",104,312,True,-1,False,False,False,False,UNKNOWN,5,93,1,3,https://docs.inecelectionresults.net/elections_prod/1292/state/1/lga/3609/ward/23297/pu/77948/77948-1677505204.pdf,6.453449,3.337107
LAGOS,AJEROMI/IFELODUN,WILMER,24-02-03-038,JUNCTION OF INDUSTRIAL RD./ALH. OWOKONIRAN STREET,"JUNCTION OF INDUSTRIAL RD./ALH. OWOKONIRAN STREET, AJEROMI/IFELODUN, LAGOS",140,679,True,-1,False,False,False,False,UNKNOWN,22,110,6,1,https://docs.inecelectionresults.net/elections_prod/1292/state/1/lga/3609/ward/23297/pu/77950/77950-1677506478.pdf,6.453449,3.337107
LAGOS,AJEROMI/IFELODUN,WILMER,24-02-03-039,"5, IBAFON STREET","5, IBAFON STREET, AJEROMI/IFELODUN, LAGOS",133,654,True,-1,False,False,False,False,UNKNOWN,35,87,4,0,https://docs.inecelectionresults.net/elections_prod/1292/state/1/lga/3609/ward/23297/pu/77951/77951-1677506643.pdf,6.442835,3.331338
LAGOS,AJEROMI/IFELODUN,WILMER,24-02-03-040,"47, IBAFON STREET","47, IBAFON STREET, AJEROMI/IFELODUN, LAGOS",127,548,True,-1,False,False,False,False,UNKNOWN,17,97,5,2,https://docs.inecelectionresults.net/elections_prod/1292/state/1/lga/3609/ward/23297/pu/77952/77952-1677506823.pdf,6.442835,3.331338
LAGOS,AJEROMI/IFELODUN,WILMER,24-02-03-041,"57, IBAFON STREET","57, IBAFON STREET, AJEROMI/IFELODUN, LAGOS",121,545,True,-1,False,False,False,False,UNKNOWN,19,89,3,1,https://docs.inecelectionresults.net/elections_prod/1292/state/1/lga/3609/ward/23297/pu/77953/77953-1677507067.pdf,6.442835,3.331338
LAGOS,AJEROMI/IFELODUN,WILMER,24-02-03-042,"6, YUSUF ADEBAYO STREET","6, YUSUF ADEBAYO STREET, AJEROMI/IFELODUN, LAGOS",174,615,True,-1,False,False,False,False,UNKNOWN,36,113,4,2,https://docs.inecelectionresults.net/elections_prod/1292/state/1/lga/3609/ward/23297/pu/77954/77954-1677507227.pdf,6.445462,3.330467
LAGOS,AJEROMI/IFELODUN,WILMER,24-02-03-043,JUNCTION OF KUKOYI/OBOH STREET,"JUNCTION OF KUKOYI/OBOH STREET, AJEROMI/IFELODUN, LAGOS",163,664,True,-1,False,False,False,False,UNKNOWN,20,129,4,0,https://docs.inecelectionresults.net/elections_prod/1292/state/1/lga/3609/ward/23297/pu/77955/77955-1677507373.pdf,6.453449,3.337107
LAGOS,AJEROMI/IFELODUN,WILMER,24-02-03-044,"12, KUDAISI STREET","12, KUDAISI STREET, AJEROMI/IFELODUN, LAGOS",147,563,True,-1,False,False,False,False,UNKNOWN,51,82,8,1,https://docs.inecelectionresults.net/elections_prod/1292/state/1/lga/3609/ward/23297/pu/77956/77956-1677507514.pdf,6.453449,3.337107
LAGOS,AJEROMI/IFELODUN,WILMER,24-02-03-045,JUNCTION OF AKINTOPEDE STREET (LADIPO/AKINTOPE,"JUNCTION OF AKINTOPEDE STREET (LADIPO/AKINTOPE, AJEROMI/IFELODUN, LAGOS",120,483,True,-1,False,False,False,False,UNKNOWN,8,107,2,0,https://docs.inecelectionresults.net/elections_prod/1292/state/1/lga/3609/ward/23297/pu/77957/77957-1677507640.pdf,6.453449,3.337107
LAGOS,AJEROMI/IFELODUN,WILMER,24-02-03-046,JUNCTION OF KUDAISI/TINCAN,"JUNCTION OF KUDAISI/TINCAN, AJEROMI/IFELODUN, LAGOS",85,634,True,-1,False,False,False,False,UNKNOWN,13,65,5,1,https://docs.inecelectionresults.net/elections_prod/1292/state/1/lga/3609/ward/23297/pu/77958/77958-1677507750.pdf,6.493326,3.348517
LAGOS,AJEROMI/IFELODUN,WILMER,24-02-03-047,"20, SUFIANU STREET","20, SUFIANU STREET, AJEROMI/IFELODUN, LAGOS",170,711,True,-1,False,False,False,False,UNKNOWN,8,128,6,2,https://docs.inecelectionresults.net/elections_prod/1292/state/1/lga/3609/ward/23297/pu/77959/77959-1677507930.pdf,6.446148,3.331061
LAGOS,AJEROMI/IFELODUN,WILMER,24-02-03-048,"10, SADIKU STREET","10, SADIKU STREET, AJEROMI/IFELODUN, LAGOS",121,429,True,-1,False,False,False,False,UNKNOWN,10,100,3,0,https://docs.inecelectionresults.net/elections_prod/1292/state/1/lga/3609/ward/23297/pu/77960/77960-1677508046.pdf,6.436658,3.500987
LAGOS,AJEROMI/IFELODUN,OLODI,24-02-04-001,AT THE JUNCTION OF TOLU/FATIMO LANE,"AT THE JUNCTION OF TOLU/FATIMO LANE, AJEROMI/IFELODUN, LAGOS",86,681,True,-1,False,True,False,False,UNKNOWN,23,54,5,0,https://inec-cvr-cache.s3.eu-west-1.amazonaws.com/cached/results/77259/result_22341_1677517351_thumb.jpg,,
LAGOS,AJEROMI/IFELODUN,OLODI,24-02-04-002,JUNCTION OF IDI STREET,"JUNCTION OF IDI STREET, AJEROMI/IFELODUN, LAGOS",126,717,True,-1,False,False,False,False,UNKNOWN,55,52,14,0,https://inec-cvr-cache.s3.eu-west-1.amazonaws.com/cached/results/77260/result_22342_1677517445_thumb.jpg,42.446337,-83.363382
LAGOS,AJEROMI/IFELODUN,OLODI,24-02-04-003,"4, FATIMO LANE","4, FATIMO LANE, AJEROMI/IFELODUN, LAGOS",90,695,True,-1,False,False,False,False,UNKNOWN,37,45,2,1,https://docs.inecelectionresults.net/elections_prod/1292/state/1/lga/3609/ward/23298/pu/77964/77964-1677501660.pdf,6.453449,3.337107
LAGOS,AJEROMI/IFELODUN,OLODI,24-02-04-004,"6, SALAMI  STREET","6, SALAMI  STREET, AJEROMI/IFELODUN, LAGOS",107,475,True,-1,True,False,False,False,UNKNOWN,57,37,7,0,https://docs.inecelectionresults.net/elections_prod/1292/state/1/lga/3609/ward/23298/pu/77965/77965-1677502048.pdf,6.440689,3.517469
LAGOS,AJEROMI/IFELODUN,OLODI,24-02-04-005,IN FRONT OF HAMMADIYA MISSION MOSQUE,"IN FRONT OF HAMMADIYA MISSION MOSQUE, AJEROMI/IFELODUN, LAGOS",71,545,True,-1,False,True,False,False,UNKNOWN,0,0,0,0,https://docs.inecelectionresults.net/elections_prod/1292/state/1/lga/3609/ward/23298/pu/77966/77966-1677502736.pdf,,
LAGOS,AJEROMI/IFELODUN,OLODI,24-02-04-006,"67, SALAMI STREET","67, SALAMI STREET, AJEROMI/IFELODUN, LAGOS",121,738,True,-1,False,False,False,False,UNKNOWN,42,52,13,3,https://docs.inecelectionresults.net/elections_prod/1292/state/1/lga/3609/ward/23298/pu/77967/77967-1677503767.pdf,6.440689,3.517469
LAGOS,AJEROMI/IFELODUN,OLODI,24-02-04-007,B/W 40/44 SALAMI STREET,"B/W 40/44 SALAMI STREET, AJEROMI/IFELODUN, LAGOS",117,701,True,-1,False,False,False,False,UNKNOWN,56,42,10,1,https://docs.inecelectionresults.net/elections_prod/1292/state/1/lga/3609/ward/23298/pu/77968/77968-1677504173.pdf,-33.879447,151.207378
LAGOS,AJEROMI/IFELODUN,OLODI,24-02-04-008,"36, IDI STREET","36, IDI STREET, AJEROMI/IFELODUN, LAGOS",105,750,True,-1,False,False,False,False,UNKNOWN,60,36,3,1,https://docs.inecelectionresults.net/elections_prod/1292/state/1/lga/3609/ward/23298/pu/77969/77969-1677503026.pdf,6.451491,3.34581
LAGOS,AJEROMI/IFELODUN,OLODI,24-02-04-010,14/16 ROROBI STREET,"14/16 ROROBI STREET, AJEROMI/IFELODUN, LAGOS",167,796,True,-1,False,True,False,False,UNKNOWN,80,66,12,4,https://docs.inecelectionresults.net/elections_prod/1292/state/1/lga/3609/ward/23298/pu/77971/77971-1677503601.pdf,6.447196,3.349089
LAGOS,AJEROMI/IFELODUN,OLODI,24-02-04-011,AT THE JUNCTION OF BAALE STREET/SALAMI,"AT THE JUNCTION OF BAALE STREET/SALAMI, AJEROMI/IFELODUN, LAGOS",79,408,True,-1,False,False,False,False,UNKNOWN,25,49,4,0,https://docs.inecelectionresults.net/elections_prod/1292/state/1/lga/3609/ward/23298/pu/77972/77972-1677503866.pdf,42.446337,-83.363382
LAGOS,AJEROMI/IFELODUN,OLODI,24-02-04-012,ARAROMI PRIMARY SCH. (BALE STREET),"ARAROMI PRIMARY SCH. (BALE STREET), AJEROMI/IFELODUN, LAGOS",151,772,True,-1,False,False,False,False,UNKNOWN,50,67,17,5,https://docs.inecelectionresults.net/elections_prod/1292/state/1/lga/3609/ward/23298/pu/77973/77973-1677504102.pdf,6.453449,3.337107
LAGOS,AJEROMI/IFELODUN,OLODI,24-02-04-013,"17, OSHO DRIVE","17, OSHO DRIVE, AJEROMI/IFELODUN, LAGOS",283,967,True,-1,False,False,False,False,UNKNOWN,46,209,6,3,https://docs.inecelectionresults.net/elections_prod/1292/state/1/lga/3609/ward/23298/pu/77974/77974-1677504619.pdf,6.453449,3.337107
LAGOS,AJEROMI/IFELODUN,OLODI,24-02-04-014,"43,OSHO DRIVE","43,OSHO DRIVE, AJEROMI/IFELODUN, LAGOS",137,658,True,-1,False,False,False,False,UNKNOWN,12,114,6,0,https://docs.inecelectionresults.net/elections_prod/1292/state/1/lga/3609/ward/23298/pu/77975/77975-1677504429.pdf,6.453449,3.337107
LAGOS,AJEROMI/IFELODUN,OLODI,24-02-04-015,L.A PRY. SCHOOL (OSHO DRIVE),"L.A PRY. SCHOOL (OSHO DRIVE), AJEROMI/IFELODUN, LAGOS",143,750,True,-1,False,False,False,False,UNKNOWN,13,112,7,2,https://docs.inecelectionresults.net/elections_prod/1292/state/1/lga/3609/ward/23298/pu/77976/77976-1677504668.pdf,6.453449,3.337107
LAGOS,AJEROMI/IFELODUN,OLODI,24-02-04-016,OLD NUMBER 88 (OSHO DRIVE),"OLD NUMBER 88 (OSHO DRIVE), AJEROMI/IFELODUN, LAGOS",132,667,True,-1,False,False,False,False,UNKNOWN,9,111,4,2,https://docs.inecelectionresults.net/elections_prod/1292/state/1/lga/3609/ward/23298/pu/77977/77977-1677505018.pdf,6.453449,3.337107
LAGOS,AJEROMI/IFELODUN,OLODI,24-02-04-017,"IN FRONT OF MEDA CLINIC, 88 OSHO DRIVE","IN FRONT OF MEDA CLINIC, 88 OSHO DRIVE, AJEROMI/IFELODUN, LAGOS",173,808,True,-1,False,False,False,False,UNKNOWN,20,128,9,0,https://docs.inecelectionresults.net/elections_prod/1292/state/1/lga/3609/ward/23298/pu/77978/77978-1677505250.pdf,6.453449,3.337107
LAGOS,AJEROMI/IFELODUN,OLODI,24-02-04-018,100 OSHO DRIVE,"100 OSHO DRIVE, AJEROMI/IFELODUN, LAGOS",206,948,True,-1,False,False,False,False,UNKNOWN,26,161,3,0,https://docs.inecelectionresults.net/elections_prod/1292/state/1/lga/3609/ward/23298/pu/77979/77979-1677505540.pdf,6.453449,3.337107
LAGOS,AJEROMI/IFELODUN,OLODI,24-02-04-019,"3, YAYA CRESCENT","3, YAYA CRESCENT, AJEROMI/IFELODUN, LAGOS",170,728,True,-1,False,False,False,False,UNKNOWN,22,122,8,0,https://docs.inecelectionresults.net/elections_prod/1292/state/1/lga/3609/ward/23298/pu/77980/77980-1677506621.pdf,6.453449,3.337107
LAGOS,AJEROMI/IFELODUN,OLODI,24-02-04-020,ST. JOHN PRY. SCHOOL (YAYA CRESCENT),"ST. JOHN PRY. SCHOOL (YAYA CRESCENT), AJEROMI/IFELODUN, LAGOS",139,704,True,-1,False,False,False,False,UNKNOWN,22,95,3,0,https://docs.inecelectionresults.net/elections_prod/1292/state/1/lga/3609/ward/23298/pu/77981/77981-1677506071.pdf,6.453449,3.337107
LAGOS,AJEROMI/IFELODUN,OLODI,24-02-04-021,B/W 32/34 OHIKERE STREET,"B/W 32/34 OHIKERE STREET, AJEROMI/IFELODUN, LAGOS",252,1000,True,-1,False,False,False,False,UNKNOWN,42,139,6,1,https://docs.inecelectionresults.net/elections_prod/1292/state/1/lga/3609/ward/23298/pu/77982/77982-1677507505.pdf,40.757799,-73.925622
LAGOS,AJEROMI/IFELODUN,OLODI,24-02-04-022,IN FRONT OF CHURCH OF CHIRST (OHIKERE STREET),"IN FRONT OF CHURCH OF CHIRST (OHIKERE STREET), AJEROMI/IFELODUN, LAGOS",102,511,True,-1,False,False,False,False,UNKNOWN,22,68,0,1,https://docs.inecelectionresults.net/elections_prod/1292/state/1/lga/3609/ward/23298/pu/77983/77983-1677510533.pdf,6.453449,3.337107
LAGOS,AJEROMI/IFELODUN,OLODI,24-02-04-023,ZUMRATUL ISLAMIYA PRY. SCHOOL (ORA STREET),"ZUMRATUL ISLAMIYA PRY. SCHOOL (ORA STREET), AJEROMI/IFELODUN, LAGOS",149,827,True,-1,False,False,False,False,UNKNOWN,39,76,10,0,https://inec-cvr-cache.s3.eu-west-1.amazonaws.com/cached/results/77281/result_22363_1677512817_thumb.jpg,6.453449,3.337107
LAGOS,AJEROMI/IFELODUN,OLODI,24-02-04-024,"3, SWAMP STREET","3, SWAMP STREET, AJEROMI/IFELODUN, LAGOS",134,750,True,-1,False,True,False,False,UNKNOWN,16,108,3,0,https://inec-cvr-cache.s3.eu-west-1.amazonaws.com/cached/results/77282/result_22364_1677513099_thumb.jpg,6.453449,3.337107
LAGOS,AJEROMI/IFELODUN,OLODI,24-02-04-025,"30, SWAMP STREET","30, SWAMP STREET, AJEROMI/IFELODUN, LAGOS",125,545,True,-1,False,False,False,False,UNKNOWN,10,101,4,0,https://inec-cvr-cache.s3.eu-west-1.amazonaws.com/cached/results/77283/result_22365_1677513311_thumb.jpg,6.453449,3.337107
LAGOS,AJEROMI/IFELODUN,OLODI,24-02-04-026,"42, SWAMP STREET","42, SWAMP STREET, AJEROMI/IFELODUN, LAGOS",131,679,True,-1,False,False,False,False,UNKNOWN,9,111,3,1,https://inec-cvr-cache.s3.eu-west-1.amazonaws.com/cached/results/77284/result_22366_1677513438_thumb.jpg,6.453449,3.337107
LAGOS,AJEROMI/IFELODUN,OLODI,24-02-04-027,KAJOLA PRY. SCHOOL (KIRIKIRI ROAD),"KAJOLA PRY. SCHOOL (KIRIKIRI ROAD), AJEROMI/IFELODUN, LAGOS",154,638,True,-1,False,False,False,False,UNKNOWN,18,120,2,2,https://inec-cvr-cache.s3.eu-west-1.amazonaws.com/cached/results/77285/result_22367_1677513586_thumb.jpg,6.449425,3.340925
LAGOS,AJEROMI/IFELODUN,OLODI,24-02-04-028,"'16, KIRIKIRI ROAD","'16, KIRIKIRI ROAD, AJEROMI/IFELODUN, LAGOS",169,904,True,-1,False,True,False,False,UNKNOWN,38,115,8,1,https://inec-cvr-cache.s3.eu-west-1.amazonaws.com/cached/results/77286/result_22368_1677513727_thumb.jpg,6.449425,3.340925
LAGOS,AJEROMI/IFELODUN,OLODI,24-02-04-029,"84, KIRIKIRI ROAD","84, KIRIKIRI ROAD, AJEROMI/IFELODUN, LAGOS",169,869,True,-1,False,False,False,False,UNKNOWN,28,113,11,0,https://inec-cvr-cache.s3.eu-west-1.amazonaws.com/cached/results/77287/result_22369_1677513896_thumb.jpg,6.449425,3.340925
LAGOS,AJEROMI/IFELODUN,OLODI,24-02-04-030,OPP. 2 WILMER CRESCENT,"OPP. 2 WILMER CRESCENT, AJEROMI/IFELODUN, LAGOS",121,538,True,-1,False,False,False,False,UNKNOWN,13,100,2,0,https://inec-cvr-cache.s3.eu-west-1.amazonaws.com/cached/results/77288/result_22370_1677514094_thumb.jpg,6.447415,3.333856
LAGOS,AJEROMI/IFELODUN,OLODI,24-02-04-031,B/SIDE BERGER AREA,"B/SIDE BERGER AREA, AJEROMI/IFELODUN, LAGOS",126,896,True,-1,False,False,False,False,UNKNOWN,25,78,10,6,https://inec-cvr-cache.s3.eu-west-1.amazonaws.com/cached/results/77289/result_22371_1677514268_thumb.jpg,49.58982,-123.967565
LAGOS,AJEROMI/IFELODUN,OLODI,24-02-04-032,OPEN SPACE AT BERGER STREET,"OPEN SPACE AT BERGER STREET, AJEROMI/IFELODUN, LAGOS",67,668,True,-1,False,True,False,False,UNKNOWN,4,50,4,1,https://inec-cvr-cache.s3.eu-west-1.amazonaws.com/cached/results/77290/result_22372_1677514472_thumb.jpg,35.795802,-78.668444
LAGOS,AJEROMI/IFELODUN,OLODI,24-02-04-033,"AROWOYABUNA STREET, NO. 8","AROWOYABUNA STREET, NO. 8, AJEROMI/IFELODUN, LAGOS",240,1122,True,-1,False,False,False,False,UNKNOWN,23,194,9,0,https://inec-cvr-cache.s3.eu-west-1.amazonaws.com/cached/results/77291/result_22373_1677514556_thumb.jpg,6.453449,3.337107
LAGOS,AJEROMI/IFELODUN,OLODI,24-02-04-034,OPP. NEW CREATION AVENUE CHURCH,"OPP. NEW CREATION AVENUE CHURCH, AJEROMI/IFELODUN, LAGOS",152,898,True,-1,False,False,False,False,UNKNOWN,32,138,11,5,https://inec-cvr-cache.s3.eu-west-1.amazonaws.com/cached/results/77292/result_22374_1677514884_thumb.jpg,42.469273,-70.922852
LAGOS,AJEROMI/IFELODUN,OLODI,24-02-04-035,FASABI STREET/ADETOLA,"FASABI STREET/ADETOLA, AJEROMI/IFELODUN, LAGOS",204,978,True,-1,False,False,False,False,UNKNOWN,32,138,11,5,https://inec-cvr-cache.s3.eu-west-1.amazonaws.com/cached/results/77293/result_22375_1677515243_thumb.jpg,6.453449,3.337107
LAGOS,AJEROMI/IFELODUN,OLODI,24-02-04-036,IYABO STREET(OPEN SPACE AT BERGER CLOSE),"IYABO STREET(OPEN SPACE AT BERGER CLOSE), AJEROMI/IFELODUN, LAGOS",95,750,True,-1,False,True,False,False,UNKNOWN,22,60,0,0,https://inec-cvr-cache.s3.eu-west-1.amazonaws.com/cached/results/77294/result_22376_1677515361_thumb.jpg,6.453449,3.337107
LAGOS,AJEROMI/IFELODUN,OLODI,24-02-04-037,AJEROMI IFELODUN HIGH SCHOOL (OSHO DRIVE),"AJEROMI IFELODUN HIGH SCHOOL (OSHO DRIVE), AJEROMI/IFELODUN, LAGOS",89,451,True,-1,False,True,False,False,UNKNOWN,13,64,4,0,https://inec-cvr-cache.s3.eu-west-1.amazonaws.com/cached/results/77295/result_22377_1677515452_thumb.jpg,6.453449,3.337107
LAGOS,AJEROMI/IFELODUN,OLODI,24-02-04-038,ANG. PRY. SCH. (ARAROMI) YAYA CRESCENT,"ANG. PRY. SCH. (ARAROMI) YAYA CRESCENT, AJEROMI/IFELODUN, LAGOS",104,581,True,-1,False,False,False,False,UNKNOWN,29,62,9,0,https://inec-cvr-cache.s3.eu-west-1.amazonaws.com/cached/results/77296/result_22378_1677515564_thumb.jpg,6.453449,3.337107
LAGOS,AJEROMI/IFELODUN,OLODI,24-02-04-039,"211, KIRIKIRI ROAD","211, KIRIKIRI ROAD, AJEROMI/IFELODUN, LAGOS",168,818,True,-1,False,False,False,False,UNKNOWN,11,136,5,0,https://inec-cvr-cache.s3.eu-west-1.amazonaws.com/cached/results/77297/result_22379_1677515673_thumb.jpg,6.449425,3.340925
LAGOS,AJEROMI/IFELODUN,OLODI,24-02-04-040,"96, KIRIKIRI ROAD","96, KIRIKIRI ROAD, AJEROMI/IFELODUN, LAGOS",77,320,True,-1,False,False,False,False,UNKNOWN,18,54,2,0,https://inec-cvr-cache.s3.eu-west-1.amazonaws.com/cached/results/77298/result_22380_1677515769_thumb.jpg,6.449425,3.340925
LAGOS,AJEROMI/IFELODUN,OLODI,24-02-04-041,"12, ORA STREET","12, ORA STREET, AJEROMI/IFELODUN, LAGOS",176,935,True,-1,False,True,False,False,UNKNOWN,34,110,7,5,https://inec-cvr-cache.s3.eu-west-1.amazonaws.com/cached/results/77299/result_22381_1677515860_thumb.jpg,6.453449,3.337107
LAGOS,AJEROMI/IFELODUN,TOLU,24-02-05-001,L.A PRY.SCH. (AIYETORO) AJEGUNLE I,"L.A PRY.SCH. (AIYETORO) AJEGUNLE I, AJEROMI/IFELODUN, LAGOS",128,750,True,-1,False,False,False,False,UNKNOWN,33,29,11,1,https://inec-cvr-cache.s3.eu-west-1.amazonaws.com/cached/results/77300/result_22402_1677513215_thumb.jpg,,
LAGOS,AJEROMI/IFELODUN,TOLU,24-02-05-002,L.A PRY.SCH. (AIYETORO) AJEGUNLE II,"L.A PRY.SCH. (AIYETORO) AJEGUNLE II, AJEROMI/IFELODUN, LAGOS",108,1105,True,-1,False,False,False,False,UNKNOWN,30,39,5,1,https://inec-cvr-cache.s3.eu-west-1.amazonaws.com/cached/results/77301/result_22403_1677513483_thumb.jpg,,
LAGOS,AJEROMI/IFELODUN,TOLU,24-02-05-003,B/W 33/35 UGBOWANKWO STREET I,"B/W 33/35 UGBOWANKWO STREET I, AJEROMI/IFELODUN, LAGOS",133,787,True,-1,False,False,False,False,UNKNOWN,35,40,10,1,https://inec-cvr-cache.s3.eu-west-1.amazonaws.com/cached/results/77302/result_22404_1677513689_thumb.jpg,40.756419,-73.927467
LAGOS,AJEROMI/IFELODUN,TOLU,24-02-05-004,B/W 33/35 UGBOWANKWO STREET II,"B/W 33/35 UGBOWANKWO STREET II, AJEROMI/IFELODUN, LAGOS",88,672,True,-1,False,False,False,False,UNKNOWN,21,31,10,0,https://inec-cvr-cache.s3.eu-west-1.amazonaws.com/cached/results/77303/result_22405_1677513598_thumb.jpg,40.756419,-73.927467
LAGOS,AJEROMI/IFELODUN,TOLU,24-02-05-005,9 UGBOWANKWO STREET I,"9 UGBOWANKWO STREET I, AJEROMI/IFELODUN, LAGOS",85,615,True,-1,False,False,False,False,UNKNOWN,50,15,7,0,https://inec-cvr-cache.s3.eu-west-1.amazonaws.com/cached/results/77304/result_22406_1677513794_thumb.jpg,6.453449,3.337107
LAGOS,AJEROMI/IFELODUN,TOLU,24-02-05-006,9 UGBOWANKWO STREET II,"9 UGBOWANKWO STREET II, AJEROMI/IFELODUN, LAGOS",104,710,True,-1,False,True,False,False,UNKNOWN,62,19,14,0,https://inec-cvr-cache.s3.eu-west-1.amazonaws.com/cached/results/77305/result_22407_1677513899_thumb.jpg,6.453449,3.337107
LAGOS,AJEROMI/IFELODUN,TOLU,24-02-05-007,JUNCTION OF UGBOWANKWO/ERADIRI STREET I,"JUNCTION OF UGBOWANKWO/ERADIRI STREET I, AJEROMI/IFELODUN, LAGOS",92,645,True,-1,False,False,False,False,UNKNOWN,18,47,12,0,https://inec-cvr-cache.s3.eu-west-1.amazonaws.com/cached/results/77306/result_22408_1677513990_thumb.jpg,6.453449,3.337107
LAGOS,AJEROMI/IFELODUN,TOLU,24-02-05-008,JUNCTION OF UGBOWANKWO/ERADIRI STREET II,"JUNCTION OF UGBOWANKWO/ERADIRI STREET II, AJEROMI/IFELODUN, LAGOS",78,591,True,-1,False,False,False,False,UNKNOWN,21,42,6,0,https://inec-cvr-cache.s3.eu-west-1.amazonaws.com/cached/results/77307/result_22409_1677514148_thumb.jpg,6.453449,3.337107
LAGOS,AJEROMI/IFELODUN,TOLU,24-02-05-009,10 OLUBUKUNOLA STREET I,"10 OLUBUKUNOLA STREET I, AJEROMI/IFELODUN, LAGOS",73,371,True,-1,False,False,False,False,UNKNOWN,34,14,11,1,https://inec-cvr-cache.s3.eu-west-1.amazonaws.com/cached/results/77308/result_22410_1677514258_thumb.jpg,6.453449,3.337107
LAGOS,AJEROMI/IFELODUN,TOLU,24-02-05-010,10 OLUBUKUNOLA STREET II,"10 OLUBUKUNOLA STREET II, AJEROMI/IFELODUN, LAGOS",91,560,True,-1,False,False,False,False,UNKNOWN,55,20,7,1,https://inec-cvr-cache.s3.eu-west-1.amazonaws.com/cached/results/77309/result_22411_1677514347_thumb.jpg,6.453449,3.337107
LAGOS,AJEROMI/IFELODUN,TOLU,24-02-05-011,IN FRONT OF THE SCH. GATE (YISA ABIODUN) I,"IN FRONT OF THE SCH. GATE (YISA ABIODUN) I, AJEROMI/IFELODUN, LAGOS",50,346,True,-1,False,False,False,False,UNKNOWN,25,12,5,0,https://inec-cvr-cache.s3.eu-west-1.amazonaws.com/cached/results/77310/result_22412_1677514518_thumb.jpg,6.453449,3.337107
LAGOS,AJEROMI/IFELODUN,TOLU,24-02-05-012,IN FRONT OF THE SCH. GATE (YISA ABIODUN) II,"IN FRONT OF THE SCH. GATE (YISA ABIODUN) II, AJEROMI/IFELODUN, LAGOS",60,443,True,-1,False,False,False,False,UNKNOWN,21,12,7,1,https://inec-cvr-cache.s3.eu-west-1.amazonaws.com/cached/results/77311/result_22413_1677514697_thumb.jpg,6.453449,3.337107
LAGOS,AJEROMI/IFELODUN,TOLU,24-02-05-013,"8, TUNKARIMU STREET I","8, TUNKARIMU STREET I, AJEROMI/IFELODUN, LAGOS",108,630,True,-1,False,False,False,False,UNKNOWN,41,44,15,0,https://inec-cvr-cache.s3.eu-west-1.amazonaws.com/cached/results/77312/result_22414_1677514853_thumb.jpg,6.453449,3.337107
LAGOS,AJEROMI/IFELODUN,TOLU,24-02-05-015,"23, TUNIKARIMU STREET I","23, TUNIKARIMU STREET I, AJEROMI/IFELODUN, LAGOS",59,407,True,-1,False,False,False,False,UNKNOWN,12,33,6,0,https://inec-cvr-cache.s3.eu-west-1.amazonaws.com/cached/results/77314/result_22416_1677515005_thumb.jpg,6.453449,3.337107
LAGOS,AJEROMI/IFELODUN,TOLU,24-02-05-016,"23, TUNIKARIMU STREET II","23, TUNIKARIMU STREET II, AJEROMI/IFELODUN, LAGOS",61,389,True,-1,False,True,False,False,UNKNOWN,24,25,4,1,https://inec-cvr-cache.s3.eu-west-1.amazonaws.com/cached/results/77315/result_22417_1677515125_thumb.jpg,6.453449,3.337107
LAGOS,AJEROMI/IFELODUN,TOLU,24-02-05-017,B/W 5/7 ANTHONY AGBOYE STREET I,"B/W 5/7 ANTHONY AGBOYE STREET I, AJEROMI/IFELODUN, LAGOS",89,764,True,-1,False,True,False,False,UNKNOWN,60,19,3,0,https://inec-cvr-cache.s3.eu-west-1.amazonaws.com/cached/results/77316/result_22418_1677515225_thumb.jpg,-37.809362,144.958993
LAGOS,AJEROMI/IFELODUN,TOLU,24-02-05-018,BETWEEN 5/7 ANTHONY AGBOYE STREET II,"BETWEEN 5/7 ANTHONY AGBOYE STREET II, AJEROMI/IFELODUN, LAGOS",50,383,True,-1,False,False,False,False,UNKNOWN,22,16,6,0,https://inec-cvr-cache.s3.eu-west-1.amazonaws.com/cached/results/77317/result_22419_1677515330_thumb.jpg,-37.809362,144.958993
LAGOS,AJEROMI/IFELODUN,TOLU,24-02-05-019,"9, AKATAPO STREET","9, AKATAPO STREET, AJEROMI/IFELODUN, LAGOS",97,580,True,-1,False,True,False,False,UNKNOWN,29,37,6,0,https://inec-cvr-cache.s3.eu-west-1.amazonaws.com/cached/results/77318/result_22420_1677515529_thumb.jpg,6.453449,3.337107
LAGOS,AJEROMI/IFELODUN,TOLU,24-02-05-020,B/W 1/3 AKATAPO STREET,"B/W 1/3 AKATAPO STREET, AJEROMI/IFELODUN, LAGOS",52,340,True,-1,False,False,False,False,UNKNOWN,14,17,8,0,https://inec-cvr-cache.s3.eu-west-1.amazonaws.com/cached/results/77319/result_22421_1677515706_thumb.jpg,52.479189,-1.898026
LAGOS,AJEROMI/IFELODUN,TOLU,24-02-05-021,"2, OKOROGBO STREET I","2, OKOROGBO STREET I, AJEROMI/IFELODUN, LAGOS",98,534,True,-1,False,False,False,False,UNKNOWN,56,18,14,1,https://inec-cvr-cache.s3.eu-west-1.amazonaws.com/cached/results/77320/result_22422_1677515970_thumb.jpg,6.453449,3.337107
LAGOS,AJEROMI/IFELODUN,TOLU,24-02-05-022,"2, OKOROGBO STREET II","2, OKOROGBO STREET II, AJEROMI/IFELODUN, LAGOS",114,611,True,-1,False,False,False,False,UNKNOWN,50,27,10,0,https://inec-cvr-cache.s3.eu-west-1.amazonaws.com/cached/results/77321/result_22423_1677516104_thumb.jpg,6.461926,3.355379
LAGOS,AJEROMI/IFELODUN,TOLU,24-02-05-023,"24, OKOROGBO STREET","24, OKOROGBO STREET, AJEROMI/IFELODUN, LAGOS",109,443,True,-1,False,False,False,False,UNKNOWN,71,17,16,0,https://inec-cvr-cache.s3.eu-west-1.amazonaws.com/cached/results/77322/result_22424_1677516236_thumb.jpg,6.461926,3.355379
LAGOS,AJEROMI/IFELODUN,TOLU,24-02-05-024,"46, OKOROGBO STREET","46, OKOROGBO STREET, AJEROMI/IFELODUN, LAGOS",111,552,True,-1,False,False,False,False,UNKNOWN,46,36,19,1,https://inec-cvr-cache.s3.eu-west-1.amazonaws.com/cached/results/77323/result_22425_1677516469_thumb.jpg,6.461926,3.355379
LAGOS,AJEROMI/IFELODUN,TOLU,24-02-05-025,2B ARUZUKAS STREET,"2B ARUZUKAS STREET, AJEROMI/IFELODUN, LAGOS",56,528,True,-1,False,False,False,False,UNKNOWN,37,9,1,0,https://inec-cvr-cache.s3.eu-west-1.amazonaws.com/cached/results/77324/result_22426_1677516557_thumb.jpg,6.453449,3.337107
LAGOS,AJEROMI/IFELODUN,TOLU,24-02-05-026,ODOFIN/BALE LANE JUNCTION,"ODOFIN/BALE LANE JUNCTION, AJEROMI/IFELODUN, LAGOS",125,584,True,-1,False,False,False,False,UNKNOWN,98,11,8,0,https://inec-cvr-cache.s3.eu-west-1.amazonaws.com/cached/results/77325/result_22427_1677516823_thumb.jpg,6.453449,3.337107
LAGOS,AJEROMI/IFELODUN,TOLU,24-02-05-027,"4, ALAYABIAGBA STREET","4, ALAYABIAGBA STREET, AJEROMI/IFELODUN, LAGOS",94,487,True,-1,False,False,False,False,UNKNOWN,70,18,6,0,https://inec-cvr-cache.s3.eu-west-1.amazonaws.com/cached/results/77326/result_22428_1677516952_thumb.jpg,6.453449,3.337107
LAGOS,AJEROMI/IFELODUN,TOLU,24-02-05-028,"35, ALAYABIAGBA STREET I","35, ALAYABIAGBA STREET I, AJEROMI/IFELODUN, LAGOS",94,659,True,-1,False,False,False,False,UNKNOWN,73,2,2,0,https://inec-cvr-cache.s3.eu-west-1.amazonaws.com/cached/results/77327/result_22429_1677517051_thumb.jpg,6.453449,3.337107
LAGOS,AJEROMI/IFELODUN,TOLU,24-02-05-029,"35, ALAYABIAGBA STREET II","35, ALAYABIAGBA STREET II, AJEROMI/IFELODUN, LAGOS",68,312,True,-1,False,False,False,False,UNKNOWN,49,3,4,0,https://inec-cvr-cache.s3.eu-west-1.amazonaws.com/cached/results/77328/result_22430_1677517152_thumb.jpg,6.453449,3.337107
LAGOS,AJEROMI/IFELODUN,TOLU,24-02-05-030,21/23 BALE ALAYABIAGBA STREET,"21/23 BALE ALAYABIAGBA STREET, AJEROMI/IFELODUN, LAGOS",114,602,True,-1,False,False,False,False,UNKNOWN,89,19,2,0,https://inec-cvr-cache.s3.eu-west-1.amazonaws.com/cached/results/77329/result_22431_1677517270_thumb.jpg,6.453449,3.337107
LAGOS,AJEROMI/IFELODUN,TOLU,24-02-05-031,7 TIEDA STREET,"7 TIEDA STREET, AJEROMI/IFELODUN, LAGOS",113,757,True,-1,False,True,False,False,UNKNOWN,68,23,9,0,https://inec-cvr-cache.s3.eu-west-1.amazonaws.com/cached/results/77330/result_22432_1677517353_thumb.jpg,6.453449,3.337107
LAGOS,AJEROMI/IFELODUN,TOLU,24-02-05-032,"37, BALE ALAYABIAGBA STREET","37, BALE ALAYABIAGBA STREET, AJEROMI/IFELODUN, LAGOS",100,598,True,-1,False,False,False,False,UNKNOWN,78,11,9,1,https://inec-cvr-cache.s3.eu-west-1.amazonaws.com/cached/results/77331/result_22433_1677517469_thumb.jpg,6.453449,3.337107
LAGOS,AJEROMI/IFELODUN,TOLU,24-02-05-033,"56, BALE ALAYABIAGBA STREET","56, BALE ALAYABIAGBA STREET, AJEROMI/IFELODUN, LAGOS",92,642,True,-1,False,False,False,False,UNKNOWN,56,24,7,0,https://inec-cvr-cache.s3.eu-west-1.amazonaws.com/cached/results/77332/result_22434_1677517607_thumb.jpg,6.453449,3.337107
LAGOS,AJEROMI/IFELODUN,TOLU,24-02-05-034,NAVY BARRACKS GATE I,"NAVY BARRACKS GATE I, AJEROMI/IFELODUN, LAGOS",135,798,True,-1,False,True,False,False,UNKNOWN,46,62,13,0,https://inec-cvr-cache.s3.eu-west-1.amazonaws.com/cached/results/77333/result_22435_1677517763_thumb.jpg,6.44456,3.28505
LAGOS,AJEROMI/IFELODUN,TOLU,24-02-05-035,NAVY BARRACKS GATE II,"NAVY BARRACKS GATE II, AJEROMI/IFELODUN, LAGOS",83,802,True,-1,False,False,False,False,UNKNOWN,18,40,8,0,https://inec-cvr-cache.s3.eu-west-1.amazonaws.com/cached/results/77334/result_22436_1677517868_thumb.jpg,13.097688,80.260092
LAGOS,AJEROMI/IFELODUN,TOLU,24-02-05-036,"64, MOBIL STREET NEAR  STERLING BANK","64, MOBIL STREET NEAR  STERLING BANK, AJEROMI/IFELODUN, LAGOS",98,791,True,-1,False,False,False,False,UNKNOWN,60,22,7,0,https://inec-cvr-cache.s3.eu-west-1.amazonaws.com/cached/results/77335/result_22437_1677517957_thumb.jpg,6.453449,3.337107
LAGOS,AJEROMI/IFELODUN,TOLU,24-02-05-037,OPEN SPACE BESIDE GARRAGE,"OPEN SPACE BESIDE GARRAGE, AJEROMI/IFELODUN, LAGOS",57,383,True,-1,False,False,False,False,UNKNOWN,42,3,7,0,https://inec-cvr-cache.s3.eu-west-1.amazonaws.com/cached/results/77336/result_22438_1677518135_thumb.jpg,6.453449,3.337107
LAGOS,AJEROMI/IFELODUN,TOLU,24-02-05-038,1 KUMUYI STREET,"1 KUMUYI STREET, AJEROMI/IFELODUN, LAGOS",83,722,True,-1,False,False,False,False,UNKNOWN,36,10,12,0,https://inec-cvr-cache.s3.eu-west-1.amazonaws.com/cached/results/77337/result_22439_1677518307_thumb.jpg,6.453449,3.337107
LAGOS,AJEROMI/IFELODUN,TOLU,24-02-05-039,AMODU TIJANI/KUMUYI JUNCTION,"AMODU TIJANI/KUMUYI JUNCTION, AJEROMI/IFELODUN, LAGOS",118,500,True,-1,False,False,False,False,UNKNOWN,30,51,8,2,https://inec-cvr-cache.s3.eu-west-1.amazonaws.com/cached/results/77338/result_22440_1677518434_thumb.jpg,,
LAGOS,AJEROMI/IFELODUN,TOLU,24-02-05-040,AMORE/OJODU JUNCTION,"AMORE/OJODU JUNCTION, AJEROMI/IFELODUN, LAGOS",122,761,True,-1,False,False,False,False,UNKNOWN,39,62,11,0,https://inec-cvr-cache.s3.eu-west-1.amazonaws.com/cached/results/77339/result_22441_1677513380_thumb.jpg,,
LAGOS,AJEROMI/IFELODUN,TOLU,24-02-05-041,"9, ASALU STREET","9, ASALU STREET, AJEROMI/IFELODUN, LAGOS",93,384,True,-1,False,False,False,False,UNKNOWN,44,31,3,0,https://inec-cvr-cache.s3.eu-west-1.amazonaws.com/cached/results/77340/result_22442_1677513492_thumb.jpg,6.453449,3.337107
LAGOS,AJEROMI/IFELODUN,TOLU,24-02-05-042,"11, AKINBO STREET","11, AKINBO STREET, AJEROMI/IFELODUN, LAGOS",78,389,True,-1,False,True,False,False,UNKNOWN,29,38,6,2,https://inec-cvr-cache.s3.eu-west-1.amazonaws.com/cached/results/77341/result_22443_1677513639_thumb.jpg,6.432908,3.430019
LAGOS,AJEROMI/IFELODUN,TOLU,24-02-05-043,16/18 MARKET STREET I,"16/18 MARKET STREET I, AJEROMI/IFELODUN, LAGOS",153,560,True,-1,False,False,False,False,UNKNOWN,84,51,9,0,https://inec-cvr-cache.s3.eu-west-1.amazonaws.com/cached/results/77342/result_22444_1677513864_thumb.jpg,6.453449,3.337107
LAGOS,AJEROMI/IFELODUN,TOLU,24-02-05-044,16/18 MARKET STREET II,"16/18 MARKET STREET II, AJEROMI/IFELODUN, LAGOS",117,576,True,-1,False,False,False,False,UNKNOWN,53,25,13,0,https://inec-cvr-cache.s3.eu-west-1.amazonaws.com/cached/results/77343/result_22445_1677514054_thumb.jpg,6.480955,3.386877
LAGOS,AJEROMI/IFELODUN,TOLU,24-02-05-045,IN FRONT OF C & S CHURCH (ILAJE STREET),"IN FRONT OF C & S CHURCH (ILAJE STREET), AJEROMI/IFELODUN, LAGOS",124,539,True,-1,False,True,False,False,UNKNOWN,67,34,13,0,https://inec-cvr-cache.s3.eu-west-1.amazonaws.com/cached/results/77344/result_22446_1677514143_thumb.jpg,6.453449,3.337107
LAGOS,AJEROMI/IFELODUN,TOLU,24-02-05-046,6 MISSION STREET,"6 MISSION STREET, AJEROMI/IFELODUN, LAGOS",138,716,True,-1,False,False,False,False,UNKNOWN,62,52,11,0,https://inec-cvr-cache.s3.eu-west-1.amazonaws.com/cached/results/77345/result_22447_1677514208_thumb.jpg,6.450077,3.397053
LAGOS,AJEROMI/IFELODUN,TOLU,24-02-05-047,1 SALUBI STREET,"1 SALUBI STREET, AJEROMI/IFELODUN, LAGOS",138,686,True,-1,False,False,False,False,UNKNOWN,61,43,8,1,https://inec-cvr-cache.s3.eu-west-1.amazonaws.com/cached/results/77346/result_22448_1677514300_thumb.jpg,6.453449,3.337107
LAGOS,AJEROMI/IFELODUN,TOLU,24-02-05-050,IHEANACHO STR/AJANI JUNCTION,"IHEANACHO STR/AJANI JUNCTION, AJEROMI/IFELODUN, LAGOS",153,704,True,-1,False,False,False,False,UNKNOWN,81,50,8,1,https://inec-cvr-cache.s3.eu-west-1.amazonaws.com/cached/results/77349/result_22451_1677514657_thumb.jpg,6.453449,3.337107
LAGOS,AJEROMI/IFELODUN,TOLU,24-02-05-051,OLODI APAPA PRY. SCHOOL (OMOWALE STR.),"OLODI APAPA PRY. SCHOOL (OMOWALE STR.), AJEROMI/IFELODUN, LAGOS",133,549,True,-1,False,False,False,False,UNKNOWN,68,47,14,0,https://inec-cvr-cache.s3.eu-west-1.amazonaws.com/cached/results/77350/result_22452_1677512983_thumb.jpg,6.453449,3.337107
LAGOS,AJEROMI/IFELODUN,TOLU,24-02-05-052,JUNCTION OF SALAWU STR/ODUSANYA STREET,"JUNCTION OF SALAWU STR/ODUSANYA STREET, AJEROMI/IFELODUN, LAGOS",118,649,True,-1,False,False,False,False,UNKNOWN,54,49,0,0,https://inec-cvr-cache.s3.eu-west-1.amazonaws.com/cached/results/77351/result_22453_1677514926_thumb.jpg,6.453449,3.337107
LAGOS,AJEROMI/IFELODUN,TOLU,24-02-05-053,"23, AMINATU STREET","23, AMINATU STREET, AJEROMI/IFELODUN, LAGOS",87,404,True,-1,False,False,False,False,UNKNOWN,43,26,5,0,https://inec-cvr-cache.s3.eu-west-1.amazonaws.com/cached/results/77352/result_22454_1677515039_thumb.jpg,6.453449,3.337107
LAGOS,AJEROMI/IFELODUN,TOLU,24-02-05-054,"16, OYEWOLE STREET","16, OYEWOLE STREET, AJEROMI/IFELODUN, LAGOS",88,439,True,-1,False,False,False,False,UNKNOWN,34,32,1,0,https://inec-cvr-cache.s3.eu-west-1.amazonaws.com/cached/results/77353/result_22455_1677515150_thumb.jpg,6.453449,3.337107
LAGOS,AJEROMI/IFELODUN,TOLU,24-02-05-055,"26, TOMOLOJU STREET","26, TOMOLOJU STREET, AJEROMI/IFELODUN, LAGOS",43,263,True,-1,False,True,False,False,UNKNOWN,11,13,2,0,https://inec-cvr-cache.s3.eu-west-1.amazonaws.com/cached/results/77354/result_22456_1677515297_thumb.jpg,6.453449,3.337107
LAGOS,AJEROMI/IFELODUN,TOLU,24-02-05-056,"12, MOGAJI STREET","12, MOGAJI STREET, AJEROMI/IFELODUN, LAGOS",87,407,True,-1,False,False,False,False,UNKNOWN,42,27,10,0,https://inec-cvr-cache.s3.eu-west-1.amazonaws.com/cached/results/77355/result_22457_1677515421_thumb.jpg,6.453449,3.337107
LAGOS,AJEROMI/IFELODUN,TOLU,24-02-05-057,"1, AFOLAYAN STREET","1, AFOLAYAN STREET, AJEROMI/IFELODUN, LAGOS",101,475,True,-1,False,False,False,False,UNKNOWN,37,25,14,0,https://inec-cvr-cache.s3.eu-west-1.amazonaws.com/cached/results/77356/result_22458_1677515501_thumb.jpg,6.453449,3.337107
LAGOS,AJEROMI/IFELODUN,TOLU,24-02-05-058,"21, OGUNTIMEHIN STREET","21, OGUNTIMEHIN STREET, AJEROMI/IFELODUN, LAGOS",105,348,True,-1,False,False,False,False,UNKNOWN,49,20,12,0,https://inec-cvr-cache.s3.eu-west-1.amazonaws.com/cached/results/77357/result_22459_1677515605_thumb.jpg,6.453449,3.337107
LAGOS,AJEROMI/IFELODUN,TOLU,24-02-05-060,OKUN-OWA STREET/ODUSANYA JUNCTION,"OKUN-OWA STREET/ODUSANYA JUNCTION, AJEROMI/IFELODUN, LAGOS",103,510,True,-1,False,True,False,False,UNKNOWN,64,30,6,0,https://inec-cvr-cache.s3.eu-west-1.amazonaws.com/cached/results/77359/result_22461_1677515995_thumb.jpg,6.453449,3.337107
LAGOS,AJEROMI/IFELODUN,TOLU,24-02-05-061,AMBROSE AKINSEMOYIN STREET,"AMBROSE AKINSEMOYIN STREET, AJEROMI/IFELODUN, LAGOS",101,532,True,-1,False,False,False,False,UNKNOWN,0,0,0,0,https://inec-cvr-cache.s3.eu-west-1.amazonaws.com/cached/results/77360/result_22462_1677516105_thumb.jpg,6.453449,3.337107
LAGOS,AJEROMI/IFELODUN,TOLU,24-02-05-062,OUTSIDE SUNNY BRIGHT PRIMARY SCHOOL,"OUTSIDE SUNNY BRIGHT PRIMARY SCHOOL, AJEROMI/IFELODUN, LAGOS",103,988,True,-1,False,True,False,False,UNKNOWN,40,39,3,0,https://inec-cvr-cache.s3.eu-west-1.amazonaws.com/cached/results/77361/result_22463_1677516256_thumb.jpg,6.475268,3.57441
LAGOS,AJEROMI/IFELODUN,TOLU,24-02-05-063,IN FRONT OF TOLU PLANK MARKET,"IN FRONT OF TOLU PLANK MARKET, AJEROMI/IFELODUN, LAGOS",30,318,True,-1,False,False,False,False,UNKNOWN,8,14,2,0,https://inec-cvr-cache.s3.eu-west-1.amazonaws.com/cached/results/77362/result_22464_1677516337_thumb.jpg,38.295797,-77.51425
LAGOS,AJEROMI/IFELODUN,TOLU,24-02-05-064,"75, TOLU ROAD","75, TOLU ROAD, AJEROMI/IFELODUN, LAGOS",162,838,True,-1,False,False,False,False,UNKNOWN,76,51,6,1,https://inec-cvr-cache.s3.eu-west-1.amazonaws.com/cached/results/77363/result_22465_1677516465_thumb.jpg,6.448219,3.34843
LAGOS,AJEROMI/IFELODUN,TOLU,24-02-05-065,"4, OLUWA STREET","4, OLUWA STREET, AJEROMI/IFELODUN, LAGOS",109,510,True,-1,False,False,False,False,UNKNOWN,25,60,2,0,https://inec-cvr-cache.s3.eu-west-1.amazonaws.com/cached/results/77364/result_22466_1677516588_thumb.jpg,6.447883,3.345456
LAGOS,AJEROMI/IFELODUN,TOLU,24-02-05-066,"17, OLUWA STREET","17, OLUWA STREET, AJEROMI/IFELODUN, LAGOS",99,676,True,-1,False,False,False,False,UNKNOWN,33,50,5,1,https://inec-cvr-cache.s3.eu-west-1.amazonaws.com/cached/results/77365/result_22467_1677516710_thumb.jpg,6.447883,3.345456
LAGOS,AJEROMI/IFELODUN,TOLU,24-02-05-067,"59, OLUWA STREET","59, OLUWA STREET, AJEROMI/IFELODUN, LAGOS",133,614,True,-1,False,False,False,False,UNKNOWN,22,102,2,0,https://inec-cvr-cache.s3.eu-west-1.amazonaws.com/cached/results/77366/result_22468_1677516784_thumb.jpg,6.447883,3.345456
LAGOS,AJEROMI/IFELODUN,TOLU,24-02-05-068,"75, OLUWA STREET","75, OLUWA STREET, AJEROMI/IFELODUN, LAGOS",127,660,True,-1,False,False,False,False,UNKNOWN,17,95,5,1,https://inec-cvr-cache.s3.eu-west-1.amazonaws.com/cached/results/77367/result_22469_1677516897_thumb.jpg,6.447883,3.345456
LAGOS,AJEROMI/IFELODUN,TOLU,24-02-05-069,27 TAIWO STREET,"27 TAIWO STREET, AJEROMI/IFELODUN, LAGOS",154,659,True,-1,False,False,False,False,UNKNOWN,91,22,9,0,https://inec-cvr-cache.s3.eu-west-1.amazonaws.com/cached/results/77368/result_22470_1677516982_thumb.jpg,6.448983,3.346246
LAGOS,AJEROMI/IFELODUN,TOLU,24-02-05-070,OPEN SPACE WITHIN ARIBO STREET/ TAJUDEEN STREET,"OPEN SPACE WITHIN ARIBO STREET/ TAJUDEEN STREET, AJEROMI/IFELODUN, LAGOS",99,297,True,-1,False,True,False,False,UNKNOWN,33,47,14,1,https://inec-cvr-cache.s3.eu-west-1.amazonaws.com/cached/results/77369/result_22471_1677517172_thumb.jpg,6.453449,3.337107
LAGOS,AJEROMI/IFELODUN,TOLU,24-02-05-072,52 TAIWO STREET,"52 TAIWO STREET, AJEROMI/IFELODUN, LAGOS",129,754,True,-1,False,False,False,False,UNKNOWN,64,43,8,0,https://inec-cvr-cache.s3.eu-west-1.amazonaws.com/cached/results/77371/result_22473_1677517295_thumb.jpg,6.448983,3.346246
LAGOS,AJEROMI/IFELODUN,TOLU,24-02-05-074,"39, MENSAH STREET","39, MENSAH STREET, AJEROMI/IFELODUN, LAGOS",65,227,True,-1,False,False,False,False,UNKNOWN,19,32,6,0,https://inec-cvr-cache.s3.eu-west-1.amazonaws.com/cached/results/77373/result_22475_1677517476_thumb.jpg,6.453449,3.337107
LAGOS,AJEROMI/IFELODUN,TOLU,24-02-05-075,"19, MENSAH STREET","19, MENSAH STREET, AJEROMI/IFELODUN, LAGOS",107,639,True,-1,False,False,False,False,UNKNOWN,55,33,13,3,https://inec-cvr-cache.s3.eu-west-1.amazonaws.com/cached/results/77374/result_22476_1677517629_thumb.jpg,6.453449,3.337107
LAGOS,AJEROMI/IFELODUN,TOLU,24-02-05-077,"2, LADEGA STREET","2, LADEGA STREET, AJEROMI/IFELODUN, LAGOS",98,640,True,-1,False,False,False,False,UNKNOWN,30,48,6,1,https://inec-cvr-cache.s3.eu-west-1.amazonaws.com/cached/results/77376/result_22478_1677517913_thumb.jpg,6.440729,3.523815
LAGOS,AJEROMI/IFELODUN,TOLU,24-02-05-078,"16, LADEGA STREET","16, LADEGA STREET, AJEROMI/IFELODUN, LAGOS",97,471,True,-1,False,False,False,False,UNKNOWN,38,49,2,0,https://inec-cvr-cache.s3.eu-west-1.amazonaws.com/cached/results/77377/result_22479_1677518162_thumb.jpg,6.440729,3.523815
LAGOS,AJEROMI/IFELODUN,TOLU,24-02-05-079,"40, LADEGA STREET","40, LADEGA STREET, AJEROMI/IFELODUN, LAGOS",162,755,True,-1,False,False,False,False,UNKNOWN,37,103,11,0,https://inec-cvr-cache.s3.eu-west-1.amazonaws.com/cached/results/77378/result_22480_1677518716_thumb.jpg,6.440729,3.523815
LAGOS,AJEROMI/IFELODUN,TOLU,24-02-05-080,"22, ASIBEJOYE STREET","22, ASIBEJOYE STREET, AJEROMI/IFELODUN, LAGOS",97,612,True,-1,False,False,False,False,UNKNOWN,30,55,5,2,https://inec-cvr-cache.s3.eu-west-1.amazonaws.com/cached/results/77379/result_22481_1677518847_thumb.jpg,6.453449,3.337107
LAGOS,AJEROMI/IFELODUN,TOLU,24-02-05-081,"40, ASIBEJOYE STREET","40, ASIBEJOYE STREET, AJEROMI/IFELODUN, LAGOS",95,559,True,-1,False,False,False,False,UNKNOWN,36,42,7,0,https://inec-cvr-cache.s3.eu-west-1.amazonaws.com/cached/results/77380/result_22482_1677518920_thumb.jpg,6.453449,3.337107
LAGOS,AJEROMI/IFELODUN,TOLU,24-02-05-083,JUNCTION OF OHUNTAN STR./LADEGA STREET,"JUNCTION OF OHUNTAN STR./LADEGA STREET, AJEROMI/IFELODUN, LAGOS",62,238,True,-1,False,False,False,False,UNKNOWN,32,25,2,0,https://inec-cvr-cache.s3.eu-west-1.amazonaws.com/cached/results/77382/result_22484_1677519083_thumb.jpg,6.453449,3.337107
LAGOS,AJEROMI/IFELODUN,TOLU,24-02-05-085,"5, ASHAFA STREET","5, ASHAFA STREET, AJEROMI/IFELODUN, LAGOS",104,494,True,-1,True,False,False,False,UNKNOWN,26,65,7,1,https://inec-cvr-cache.s3.eu-west-1.amazonaws.com/cached/results/77384/result_22486_1677519197_thumb.jpg,6.453449,3.337107
LAGOS,AJEROMI/IFELODUN,TOLU,24-02-05-086,"2, OGUNTOKUN STREET","2, OGUNTOKUN STREET, AJEROMI/IFELODUN, LAGOS",83,566,True,-1,False,False,False,False,UNKNOWN,27,48,5,0,https://inec-cvr-cache.s3.eu-west-1.amazonaws.com/cached/results/77385/result_22487_1677519356_thumb.jpg,6.453449,3.337107
LAGOS,AJEROMI/IFELODUN,TOLU,24-02-05-087,"8, SALAWU STREET","8, SALAWU STREET, AJEROMI/IFELODUN, LAGOS",102,471,True,-1,False,False,False,False,UNKNOWN,42,45,1,0,https://inec-cvr-cache.s3.eu-west-1.amazonaws.com/cached/results/77386/result_22488_1677519430_thumb.jpg,6.44553,3.332573
LAGOS,AJEROMI/IFELODUN,TOLU,24-02-05-088,AT THE JUNCTION OF OJUMELA STREET/OKUN OWA,"AT THE JUNCTION OF OJUMELA STREET/OKUN OWA, AJEROMI/IFELODUN, LAGOS",104,362,True,-1,False,False,False,False,UNKNOWN,73,19,7,1,https://inec-cvr-cache.s3.eu-west-1.amazonaws.com/cached/results/77387/result_22489_1677519529_thumb.jpg,42.446337,-83.363382
LAGOS,AJEROMI/IFELODUN,TOLU,24-02-05-089,AT THE JUNCTION OF OKUN OWA/RABIU OLUWA,"AT THE JUNCTION OF OKUN OWA/RABIU OLUWA, AJEROMI/IFELODUN, LAGOS",168,562,True,-1,False,False,False,False,UNKNOWN,58,72,10,2,https://inec-cvr-cache.s3.eu-west-1.amazonaws.com/cached/results/77388/result_22490_1677519596_thumb.jpg,47.56304,-122.38659
LAGOS,AJEROMI/IFELODUN,TOLU,24-02-05-090,"15, AWORI CLOSE","15, AWORI CLOSE, AJEROMI/IFELODUN, LAGOS",83,399,True,-1,False,False,False,False,UNKNOWN,41,26,5,0,https://inec-cvr-cache.s3.eu-west-1.amazonaws.com/cached/results/77389/result_22491_1677518543_thumb.jpg,6.453449,3.337107
LAGOS,AJEROMI/IFELODUN,TEMIDIRE I,24-02-06-002,"26, TEMIDIRE STREET","26, TEMIDIRE STREET, AJEROMI/IFELODUN, LAGOS",163,750,True,-1,False,False,False,False,UNKNOWN,14,89,12,0,https://inec-cvr-cache.s3.eu-west-1.amazonaws.com/cached/results/77391/result_22505_1677513990_thumb.jpg,6.441737,3.344753
